,ID,description,title
0,0d0105dc-5f22-4c8a-a1eb-4e93d5c402b7,"Job Description   Send me Jobs like this Job Description for Member Technical - Wire Harness & Fabrication Position Introduction: Rossell Techsys is the Aerospace and Defence (A&D) Division of Rossell India Limited (www.rossellindia.com). Rossell Techsys is based out of the technology hub of India - Bangalore.Rossell Techsys employs a little under 100 staff members and has aggressive growth plans to meet the emerging challenges of the Indian Aerospace and Defence Industry, including potential offset business in India. Rossell Techsys has four core competency areas - Custom embedded systems product development, Test solution design and development including test jigs, rigs, and simulators, Wire harness engineering & looming and Product Support Services. Rossell Techsys is AS9100 Rev C and IS0 9001, 14001(EMS), 27001(ISMS) certified organisation. Rossell Techsys is a CEMILAC approved design house. Positions: This position is for Member - Staff level as an individual contributor with 2 to 10 years of experience. Qualifications and Credentials: Candidates must be at least Diploma in Electronics and Electrical,with excellent academic credentials, from premier educational institutes. Given the kind of vision that Rossell TechSys has set for itself, candidates must not only be worthy professionals, but fundamentally, mature in all aspects of their personality, be able to work in an invigorating, team oriented, and global engineering environment. A belief of 'competing with one's own self' would be good to start with. Candidates with prior experience in aviation and defense domain would be given preference. Candidate who satisfies at least a part of the technical requirements and most of the personality requirements would be exciting candidates to meet with. Technical Requirements: Mandatory / Primary Skills Hands on experience in wiring harness fabrication with knowledge in various cable finishing tools and techniques such as crimp, solder, splicing, potting, sleeving, printing, Connectorisation, etc Knowledge of wire harness components and manufacturing process used in the cable industry is a must. Experience in Aircraft Looms and RF cables will be a plus. Knowledge on Wire Harness In process Inspection stages IPC/WHMA-620 A trained candidate will be a huge plus. Must have worked in an ISO 9001-2008 QMS environment. Experience with AS9100B will be a huge plus. As at this time, we are not working in shifts, however, over time, this position entails working in shifts. Secondary Skills Domain skills in the Aviation and Defense sector. Mechanical CAD design experience will be a huge plus. A fearless attitude to engineering related work. Yet having the good use of common sense and knowing when to take the risk and when not to. Personality Requirements: Candidate must have good communication skills Must have a positive attitude and display maturity in understanding that organizational goals and objectives take precedence to individual goals and objectives. Compensation: Selected Candidates shall be offered benchmark compensation packages and rewards for high performance. Joining Time: Selected Candidates are expected to join within 2 to 4 weeks. References: Selected Candidates will be required to provide a minimum of 2 references on employment. Salary: Not Disclosed by Recruiter Industry: Aviation / Aerospace Firms Functional Area: Production , Manufacturing , Maintenance Role Category:Production/Manufacturing/Maintenance Role:Workman/Foreman/Technician Keyskills WIRE HARNESS CRIMPING SOLDERING SLPICING technician potting sleeving cable harness wiring harness Desired Candidate Profile Please refer to the Job description above Education- UG: Diploma - Any Specialization, Electrical, Electronics/Telecommunication Company Profile: Agile HR consultancy Pvt. Ltd. Rossell Techsys, Bangalore. Introduction: Rossell Techsys is the Aerospace and Defence (A&D) Division of Rossell India Limited (www.rossellindia.com). Rossell Techsys is based out of the technology hub of India - Bangalore.Rossell Techsys employs a little under 100 staff members and has aggressive growth plans to meet the emerging challenges of the Indian Aerospace and Defence Industry, including potential offset business in India. Rossell Techsys has four core competency areas - Custom embedded systems product development, Test solution design and development including test jigs, rigs, and simulators, Wire harness engineering & looming and Product Support Services. Rossell Techsys is AS9100 Rev C and IS0 9001, 14001(EMS), 27001(ISMS) certified organisation. Rossell Techsys is a CEMILAC approved design house. Download PPT Photo 1   View Contact Details",Member Technical Staff-wire Harness/cable Harness/technicians
1,1e591b55-1f0f-4215-89d8-85c24a1552ca,"Job Description   Send me Jobs like this looking for seasoned Sales and RM-lap/ml//Pl/bl/cv professionals to be a part of a dynamic, motivated and highly productive frontline sales team. Visit schools and other educational institutions and achieve business targets of loans disbursed Salary:INR 1,75,000 - 3,00,000 P.A Industry: Banking / Financial Services / Broking Functional Area: Sales , Retail , Business Development Role Category:Retail Sales Role:Sales Executive/Officer Keyskills Sales Relationship Management Dynamic lap mortgage loans business loans sme pl cv stpl personal loan high ticket Desired Candidate Profile Please refer to the Job description above Education- UG: Any Graduate - Any Specialization Company Profile: Green Start leading NBFC Bangalore based non-banking finance company (NBFC). Varthana stands for transformation - transformation of the country's affordable private education sector. Download PPT Photo 1   View Contact Details","Urgent Opening -rm-banglore, Vijayawada, Srikakulam, Chitoor"
2,28bb4359-aa54-4c06-818d-fe2a6d8e3d1f,"Job Description   Send me Jobs like this Responsibilities Manage day-to-day activities of a data center, including physical and security checks, physical tape/ media management, assistance with physical vendor intervention (e.g. replacement of a part), act as remote hands for the administrator Salary: Not Disclosed by Recruiter Industry: IT-Software / Software Services Functional Area: Accounts , Finance , Tax , Company Secretary , Audit Role Category:Other Role:Outside Consultant Keyskills data center revenue assurance media management activities administrator Desired Candidate Profile   Education- UG: Any Graduate - Any Specialization PG:MBA/PGDM - Finance, Any Postgraduate Company Profile: Accenture Accenture is a leading global professional services company, providing a broad range of services and solutions in strategy, consulting, digital, technology and operations. Combining unmatched experience and specialized skills across more than 40 industries and all business functionsunderpinned by the worlds largest delivery networkAccenture works at the intersection of business and technology to help clients improve their performance and create sustainable value for their stakeholders. With approximately 373,000 people serving clients in more than 120 countries, Accenture drives innovation to improve the way the world works and lives. Visit us at www.accenture.com Download PPT Photo 1   View Contact Details",Revenue Assurance
3,35377d76-3ff1-4f99-92b5-ef4b1b2a7c8b,"Job Description   Send me Jobs like this Overall Purpose of Job and Responsibilities Provide translation of process documents, reports and presentations from French and German to English (or) English to French and German as required. Process invoices Liaise with customers and suppliers regarding queries Resolution of queries Skills Requirement Expert communication skills in Spanish and English ( written and spoken ) Previous experience of document management systems and processes would be an advantage. Excellent interpersonal skills. Ability to build credibility internally and with customers Excellent PC application skills and knowledge of computerised accounting systems. Ability to work under pressure & flexibility to meet demanding deadlines essential. Flexible to work in any 10 hour shift Salary: Not Disclosed by Recruiter Industry: IT-Software / Software Services Functional Area: ITES , BPO , KPO , LPO , Customer Service , Operations Role Category:Voice Role:Associate/Senior Associate -(NonTechnical) Keyskills pc german french document management english spanish documents computerised accounting Desired Candidate Profile   Education- UG: Any Graduate - Any Specialization PG:Any Postgraduate Company Profile: Accenture Accenture is a leading global professional services company, providing a broad range of services and solutions in strategy, consulting, digital, technology and operations. Combining unmatched experience and specialized skills across more than 40 industries and all business functionsunderpinned by the worlds largest delivery networkAccenture works at the intersection of business and technology to help clients improve their performance and create sustainable value for their stakeholders. With approximately 373,000 people serving clients in more than 120 countries, Accenture drives innovation to improve the way the world works and lives. Visit us at www.accenture.com Download PPT Photo 1   View Contact Details",German Translator
4,3ab55ca6-95de-4673-8dba-099b1633e616,"Job Description   Send me Jobs like this - Involved with all stages of indirect taxation, including planning, execution and completion and will supervise and develop those with less experience. - Will be the primary on-site client contact for basic questions and information. - Advise clients on various critical issues related to all arena of Indirect taxes such as customs, excise, VAT, service tax etc. - Structured various transactions and agreements for indirect tax efficiencies - Ensure Strict Compliance of Central Excise & Service Tax Laws - Attending personal Hearings up to the level of Tribunal. - Develop Internal Systems to control day to day activities in terms of Central excise & service tax laws - Advice Company management on Central Excise & Service Tax matters to decide Company's policy in context of tax planning - Export formalities & documentation - Preparation & Realization of all types of refund claims - Liaison with Central Excise Department - Formalities related to establishment & operation of 100% EOU & STPI, SEZs. - Advising various clients on works contracts for all sectors - Tax planning and transaction structuring for turnkey projects including EPC contracts - Designing of documentation & internal procedures for day to day working under VAT regime - Assessment & Appeal proceedings - VAT Audits for almost all the States under the VAT for all sectors. - Would be arguing various cases before various quasi judicial authorities - Identifying potential new business leads & cross sell opportunities - Success in conversion of referrals - Ensure delivery of quality work and take day to day leadership of delivery team and make sure compliance of all aspects of taxation . Salary: Not Disclosed by Recruiter Industry: Banking / Financial Services / Broking Functional Area: Accounts , Finance , Tax , Company Secretary , Audit Role Category:Accounts Role:Taxation(Indirect) Manager Keyskills Service Tax Matters Central Excise Customs EOU VAT Audit Indirect Taxation Auditing STPI Export Tax Planning Excise Service Tax Sales Tax Desired Candidate Profile Requirements :- Qualified C.A. (preferably first/ second attempt)- Good technical skills- Expertise in the area of Indirect Taxes on various engagements for MNC or top Indian corporate houses- Experience handling Excise, Customs, Service Tax, Sales Tax etc.- Ability to apply expertise in a consultative role- Superior leadership ability- Superior relationship building- Presentation and public speaking- Ability to analyse and think differentlyIf interested, please call Jyoti on 7045597424. Education- UG: Any Graduate - Any Specialization PG:CA Doctorate:Doctorate Not Required Company Profile: Onboard HRServices LLP Leading Client of Onboard HRServices LLP Download PPT Photo 1   View Contact Details",Manager/ad/partner - Indirect Tax - CA
5,3e3ac599-eb3b-4a4b-8c27-3c8fb11300e3,"Job Description   Send me Jobs like this Experience: 5 to 8 years Job Description We are looking for an experienced JAVA/WEB developer who can act as a dedicated resource on a project and play a role on the support team. This developer will be focused on providing support and enhancements for existing Java Web applications, as well as work on building new applications. The applications will span different business functions (commercial, manufacturing, general corporate services, etc). A combination of technologies will be leveraged, including Spring/Spring MVC, XML, SQL, Hibernate/JPA, Maven, Web Services (SOAP & REST) Monsanto's business is complex; therefore candidates must have strong technical experience and be able to quickly learn new processes in order to be successful in this role. The candidate will need to be able to handle both an agile/flexible environment and also a more formal process driven environment. The candidate will be responsible for owning assigned development tasks, understanding business requirements, developing reliable solutions, performing unit testing, identifying and resolving issues, assisting with compatibility testing, and defining/driving enhancements and configurations. Responsibilities will include: - Working directly with Business and Support Analyst to understand requirements - Coding solutions and enhancements that follow Object Oriented methodologies and Design Patterns - Maintaining software version control - Working with testing, DBA team and architects - Working with users and IT team members Salary: Not Disclosed by Recruiter Industry: IT-Software / Software Services Functional Area: IT Software - Application Programming , Maintenance Role Category:Programming & Design Role:Software Developer Keyskills Java Hibernate Spring Mvc JPA Maven Rest XML Web Services SOAP Design Patterns JavaScript AJAX Desired Candidate Profile - Strong JAVA experience (3 - 4 years) -- Mandatory- Strong Object Oriented analysis, design, and development experience -- Mandatory- Strong knowledge and experience with Design Patterns - Mandatory- Strong knowledge and experience with Spring/Spring MVC, XML, Hibernate and SQL -Mandatory- Strong knowledge of Maven, JavaScript, AJAX and Jquery - Mandatory- Experience with Test Driven Development- Experience with version control and software release procedures using CVS or Subversion- Ability to work in a team environment- Excellent verbal and written communication skillsAdditional Skills (not required, but desirable)- Worked in Agile/Scrum- Automation using Jbehave- SAP Integration with Java applications.- Adobe Flex experience- Joining: 20 Days- Shift: General- Location: Bangalore (Manyata Tech Park) Education- UG: Any Graduate - Any Specialization PG:Any Postgraduate - Any Specialization Company Profile: OKDA Solutions Client of OKDA Solutions Download PPT Photo 1   View Contact Details",Java Developer - Spring/mvc/hibernate
6,3ec76fb1-d757-4f4a-b1b9-ddc0c672787f,"Job Description   Send me Jobs like this As a Hadoop Architect, you will be responsible for planning, design and development of platform features/capabilities leveraging open source, Hadoop-related technologies. Candidates must be able to collaborate with other architects on component design, and experienced with the software development lifecycle. Requirements: - 10+ years of experience with Architecture with a minimum of 3-4 Years on Hadoop. - Experience as Hadoop Architect and/or Developer who is application development focused - Experience Hadoop architect who has experience developing and integrating applications within the Hadoop Framework - Experience designing and optimizing an Hbase schema, select appropriate technologies for the required solutions. - Extensive Solutioning and implementation skills using CDH involving Impala, Spark. MapReduce and Hive. - Able to architect hadoop solutions and have intelligent conversation with other architects and leadership team about big data and analytics. - Knowledge of working in a Agile / Scrum based enviroment will be a plus. - Capacity Planning for Hadoop Clusters Salary: Not Disclosed by Recruiter Industry: IT-Software / Software Services Functional Area: IT Software - Application Programming , Maintenance Role Category:Programming & Design Role:Technical Architect Keyskills Hadoop HBase Data Analytics Design Development Application Development Hadoop Architect designing Desired Candidate Profile   Education- UG: Any Graduate - Any Specialization PG:Any Postgraduate - Any Specialization Company Profile: Talent Acceleration Corridor Leading client of Talent Acceleration Corridor Download PPT Photo 1   View Contact Details",Hadoop Architect - Mapreduce/hive
7,49e2d59f-0702-426b-8aac-8a1184ff03f8,"Job Description   Send me Jobs like this 1. High typing speed 2. Excellent English communication 3. Excellent knowledge of Microsoft office and in particular Excel 4. Should know Excel macros & commands 5. Low error rate while typing 6. Should be able to meet / exceed targets every day Salary:INR 1,00,000 - 2,00,000 P.A. incentives for achieving targets Industry: Recruitment / Staffing Functional Area: Executive Assistant , Front Office , Data Entry Role Category:Other Role:Stenographer/Data Entry Operator Keyskills Excel MS Office Typing Macros Data Entry data processing Desired Candidate Profile 1. Confident2. Hardworking3. Punctual4. Follow process5. Low errors during documentation Company Profile: SMACera Technologies Consulting and Services Pvt L Smacera Technologies SMACera Technologies is a Bangalore based recruitment and staffing firm started in Jul 2013 Download PPT Photo 1   View Contact Details",Data Entry Executive
8,4a718307-c147-4b73-9585-5fc4635ec140,"Job Description   Send me Jobs like this (2-3 years experience) Extensive development exposure in PHP, HTML, CSS, JavaScript, Jquery, HMVC * Ajax,Psd to Html, Parallax, Photoshop skills will be added advantage * Minimum SQL knowledge is important * Very good in php code Salary:INR 1,00,000 - 5,00,000 P.A Industry: IT-Software / Software Services Functional Area: IT Software - Other Role Category:Programming & Design Role:Software Developer Keyskills HTML Javascript JQuery CSS Ajax PHP PSD Photoshop SQL sql server Desired Candidate Profile Please refer to the Job description above Company Profile: Janak Vidya Consultancy Pvt. Ltd. About Web Advisor Web Advisor is a total Solutions Provider assisting companies with Web Development, Software Development, Web Application, internet presence, e-commerce Development etc. Founded in 2008 Download PPT Photo 1   View Contact Details",PHP Developer_banashankari II Stage
9,4ca79cf0-43f2-460c-88e3-133c623964ec,"Job Description   Send me Jobs like this LimeTray is a product-start-up helping restaurants market, engage and sell to more customers online. 6 out of 10 restaurants shut down in less than a year of starting up & this is not because they serve bad food or are expensive but because they fail to reach out to enough customers to cover costs. With its data driven products and services, LimeTray makes it easier for such restaurants to tap the customer base that now lives online. LimeTray has been one of the fastest growing start-ups in India, and is present Pan India in cities like Delhi, Bangalore, Hyderabad, Mumbai, Navi Mumbai, Pune, Chennai, Ahmedabad, Chandigarh, Jaipur and other cities; in the period of only 2 years and 6 months; with around 250+ employees all over India. Our founding team consists of ISB, NSIT alumni with strong-domain knowledge having built one of the largest online food ordering portal before and we count very successful internet entrepreneurs as our angel investors & advisors. We are also backed by Matrix Partners, one of the top 5 VC firms in India. When you work with us, you work with a peer group that comprises of people who have previously worked at companies like McKinsey & Company, JP Morgan, Bain & Company, Zomato, FoodPanda and Rocket Internet We manage a 1200+ clientele which includes Big Brands like Burger King, Subway, Brekkie, MK Dabbawala, Krispe Kreme, Tummy Kart, Leopold Cafe, Kaati Zone, Rolls on Wheels, Bhukkad, Beijing Bites, The Chocolate Room, Calvins, Khan Saheb, Night Panda, Tikki TIkki, and many more. We at LimeTray believe in the power of Hustle, Hunger and Ambition. We are excited to face new challenges to further explore our potential and think beyond. Everyone in the team hence has a very high sense of ownership & is given a lot of responsibilities. So, now we are looking for energetic, self motivated and passionate people who can join us quick and get the magic started Responsibilities - Personally contact and secure new business accounts/orders through a relationship-based approach. - Demonstrate products and services to existing and potential customers and assist them in selecting those best suited to their needs. - Achieve maximum sales profitability, growth and account penetration within an assigned Territory and/or market segment by effectively selling the company's products and services. Skill Set - We're looking for people who enjoy selling - Courageous, competitive and hungry folk who like to go out, meet people & are able to strike conversations easily - Confidence, diligence and the ability to persevere are key skills - Excellent Communication skills What we offer - Competitive Compensation package - Challenging career path with huge growth opportunities across functions and geographies for high performers - A workplace where you can create a huge impact Salary: Not Disclosed by Recruiter Industry: FMCG / Foods / Beverage Functional Area: Sales , Retail , Business Development Role Category:Retail Sales Role:Sales/Business Development Manager Keyskills Business Development Management Sales Selling Profitability New Business Communication Skills Desired Candidate Profile Please refer to the Job description above Education- UG: Any Graduate - Any Specialization PG:Any Postgraduate, MBA/PGDM - Any Specialization Doctorate:Doctorate Not Required Company Profile: Premium LimeTray is a product-startup helping restaurants market, engage and sell to more customers online. 6 out of 10 restaurants shut down in less than an year of starting up & this is not because they serve bad food or are expensive but because they fail to reach out to enough customers to cover costs. Download PPT Photo 1   View Contact Details",Business Development Manager
10,4e9290fc-2399-4dd0-8f60-74cab13d06bb,"Job Description   Send me Jobs like this Candidate must be having minimum 2+ years of sound experience in Selenium Web Driver plus holding excellent experience in API Testing along with Automation. Job Role Strong development background on large projects on collaborative teams. Experience with Python,Perl, Ruby and Redis. Proven coding skills in Python,Java, C# or C++ on Unix/Linux platforms. Assist the sales and strategy team in acquiring the proper tags and assets. Experience writing or enhancing test harness/framework is desired. Database knowledge highly desired. Skills Required 3 to 7 years overall QA/development experience. Bachelor's degree in Computer Science, Computer Engineering or equivalent. Extensive experience with SQL scripting. Strong problem solving and analytical skills. Strong verbal and written communication skills. Demonstrates skill and passion for operational excellence. Excellent documentation skills. Personality You want to work in a small, agile team. You mentor other developers when needed. You work hard and dont need much oversight. You like variety in your projects. You want to be proud of what you do at your job Salary: Not Disclosed by Recruiter Industry: IT-Software / Software Services Functional Area: IT Software - QA & Testing Role Category:Programming & Design Role:Testing Engineer Keyskills SQL Scripting Java Automation Testing Selenium Database API Testing Selenium Web Driver Automation Test Engineer White Box Testing Automation test analyst automation qa engineer automation qa analyst Desired Candidate Profile 3 to 7 years overall QA/development experience.Minimum 2+ years of sound experience in Automation Testing along with Selenium and should be good with API Testing.Bachelor's degree in Computer Science, Computer Engineering or equivalent.Extensive experience with SQL scripting.Strong problem solving and analytical skills.Strong verbal and written communication skills.Demonstrates skill and passion for operational excellence.Excellent documentation skills. Education- UG: Any Graduate - Any Specialization PG:Any Postgraduate Company Profile: The HRism US based Product Client The HRism is an IT Executive Search & HR Consulting firm based at Ahmedabad. About Client: Our client is US based Product Company who works on Advertising Domain, for more information about our client please feel free to ask. Download PPT Photo 1   View Contact Details",Test Automation Engineer ( Selenium + API Testing) @ Ahmedabad
11,50aee041-4c59-4bbe-ae9d-6f87cc4e0e46,"Job Description   Send me Jobs like this Deliver high-quality training to audiences using a variety of media types. Provide course and learner feedback to key stakeholders. Maintain the highest level of expertise in the area of specialty and interact with subject matter experts in new course development. Monitor the quality and effectiveness of the learning environment and outcomes, including classroom, courseware/ curriculum and instructor readiness, and prepare internal faculty members to conduct sessions. Salary: Not Disclosed by Recruiter Industry: IT-Software / Software Services Functional Area: ITES , BPO , KPO , LPO , Customer Service , Operations Role Category:Training Role:Soft Skills Trainer Keyskills development analytics training feedback level learner area deliver environment internal Desired Candidate Profile   Education- UG: Any Graduate - Any Specialization PG:Any Postgraduate Company Profile: Accenture Accenture is a leading global professional services company, providing a broad range of services and solutions in strategy, consulting, digital, technology and operations. Combining unmatched experience and specialized skills across more than 40 industries and all business functionsunderpinned by the worlds largest delivery networkAccenture works at the intersection of business and technology to help clients improve their performance and create sustainable value for their stakeholders. With approximately 373,000 people serving clients in more than 120 countries, Accenture drives innovation to improve the way the world works and lives. Visit us at www.accenture.com Download PPT Photo 1   View Contact Details",Analytics
12,55b1ccef-7a49-40ad-a840-0f907307e873,"Job Description   Send me Jobs like this Should have exp in telesales, good communication and 0-1 yr of exp . Shift timing :9-6 mon to sat Interested Candidates please send Cv's to k.priyanka@hcrconsulting.in Salary:INR 50,000 - 1,50,000 P.A Industry: Internet / Ecommerce Functional Area: Sales , Retail , Business Development Role Category:Sales Support Role:Telesales/Telemarketing Executive/Officer Keyskills Telesales telemarketing telecaller telesales telecaller female tele marketing executive telesales telemarketing tele Desired Candidate Profile Please refer to the Job description above Education- UG: Any Graduate PG:Any Postgraduate Company Profile: Human Capital Resource One of our clients in HSR Layout, which provides home rental solutions Download PPT Photo 1   View Contact Details",Telesales Executive
13,56508b90-4e0b-4ab7-98fd-7c4ebec67c64,"Job Description   Send me Jobs like this Work & Settle in Canada (Express Entry )& Australia Attend personal Counselling on 15th Oct 2016 AT Hyderabad at Global Connections.#402, Viswa Central Plaza, Above Syndicate Bank,Lane Beside VIP Luggage Ameerpet, call 9246524047 Salary: Not Disclosed by Recruiter Industry: BPO / Call Centre / ITES Functional Area: HR , Recruitment , Administration , IR Role Category:HR/ Recruitment / IR Role:HR Manager Keyskills Hr Consulting Human Resource Planning hr executive planning Talent Management recruitment hiring performance management employee engagement employee relations industrial relations Desired Candidate Profile Please refer to the Job description above Education- UG: Any Graduate - Any Specialization, B.Sc - Any Specialization, Maths, Physics, B.Com - Commerce PG:MCA - Computers, MBA/PGDM - Any Specialization, Hospitality Management, Advertising/Mass Communication, HR/Industrial Relations Doctorate:Doctorate Not Required Company Profile: Global Connections Global Connexions a synonymous name in the immigration consulting business. We provide complete resettlement Solutions. We have the highest visa approval rate. We always aim at providing flawless immigration application service. Download PPT Photo 1   View Contact Details",HR Managers in Demand in Canada & Australia
14,6939ce4f-9118-49c3-9f13-8ee27631acb6,"Job Description   Send me Jobs like this - as a developer in providing application design guidance and consultation, utilizing a thorough understanding of applicable technology, tools and existing designs. - Analyzes highly complex business requirements, designs and writes technical specifications to design or redesign complex computer platforms and applications. - Provides coding direction to less experienced staff or develops highly complex original code. - Acts as an expert technical resource for modeling, simulation and analysis efforts. - Verifies program logic by overseeing the preparation of test data, testing and debugging of programs. - Oversees overall systems testing and the migration of platforms and applications to production. - Develops new documentation, departmental technical procedures and user guides. - Leads projects, allocates and manages resources and manages the work of less experienced staff. - Assures quality, security and compliance requirements are met for supported area and oversees creation of or updates to and testing of the business continuation plan.: 7+ years application development and implementation experience. Additional Job Details: - Looking for PL/SQL developer, who has experience loading data using SQL loader. Salary: Not Disclosed by Recruiter Industry: IT-Software / Software Services Functional Area: IT Software - Application Programming , Maintenance Role Category:Programming & Design Role:Software Developer Keyskills SQL Loader PL SQL Development PLSQL Procedures Application Design Test Data Application Development Desired Candidate Profile   Education- UG: Any Graduate - Any Specialization PG:Any Postgraduate Doctorate:Doctorate Not Required Company Profile: Softtech Career Infosystem Pvt. Ltd Leading client of Softtech Career Infosystem Pvt. Ltd Download PPT Photo 1   View Contact Details",Pl/sql Developer - SQL
15,70231725-a531-4d12-a84c-fb54f9af422e,"Job Description   Send me Jobs like this Notice Period : Max 45 days Education : M.Tech/ M.E / B.Tech / B.E degree in Computer Science, Electronics, or Communications Required Skills 1) 2+ years experience in WLAN Host driver, application and 1+ mandatory experience in Linux Development. 2) Hands on experience using Protocol analyzers (Omnipeek, wireshark), debuggers(JTAG, GDB), troubleshooting system level issues. 3) Exposure developing 802.1x authentication and security protocols, Embedded S/W development tools(Compilers,Linkers). 4) C- programming expertise and solid knowledge of IEEE 802.11 protocol specification. 5) Driver Development experience for Host I/O Interfaces like USB/SDIO/PCIE. Minimum Qualifications: 2+ years of hands-on system software development experience with 1+ years spent on Linux kernel development, specifically networking subsystem Excellent C programming skills - Solid knowledge of IEEE 802.11 protocol specification Good hands-on experience in Linux IP Stack/ Network drivers development, QoS, Packet Scheduling and Throughput optimization - Good experience in driver development for Host IO interfaces like USB / SDIO / PCIE Conversant with protocol analysers - OmniPeek, Wireshark - Excellent trouble shooting and analytical skills that can be applied to resolve system issues Preferred Qualifications: Knowledge of scripting languages like Python/Perl Exposure to 802.1x authentication protocols / Public Key Infrastructure Conversant with development tools (compilers, linkers, etc.) and debuggers such as JTAG, GDB etc., Salary: Not Disclosed by Recruiter Industry: IT-Software / Software Services Functional Area: IT Software - Network Administration , Security Role Category:Programming & Design Role:Software Developer Keyskills C Linux Kernel 802.11 Perl Python Programming GDB IP Networking System Software Development WLAN Device Driver Development Linux Development troubleshooting trouble shooting Desired Candidate Profile   Education- UG: B.Tech/B.E. - Computers, Electronics/Telecommunication PG:M.Tech - Computers, Electronics/Telecommunication Doctorate:Doctorate Not Required Company Profile: Strivex Consulting Pvt Ltd leading client of Strivex Consulting Pvt Ltd Download PPT Photo 1   View Contact Details",WLAN Device Driver Development Engineer - Linux
16,7282a348-3e4d-4630-a063-97e4c4bc7ea7,"Job Description   Send me Jobs like this IBM MOBILE FIRST DEVELOPER WITH IOS SKILLS Profile: IBM MFP Platform /Work light, MVC Patterns, Adapters, SQL Adapters, HTTP Adapters, IBM WAS, DB2/MYSQL, Restful Services, JSON (Native Android/IOS, Hybrid HTML5) At least 4 years of working Knowledge IBM MobileFirst (previously known as Work light). Develop Application Architecture, User Interface Design Strong skill in MVC Pattern At least 2 years of Hands-on Angular + Ionic - Mobile App development (Native Android/IOS, Hybrid HTML5) Hands on Implementing the Work light API Package Program and consume web services foundations including Restful Services, JSON and related services Experience with IBM WAS, DB2/MySQL Understanding of SDLC and Agile methodologies Experience in Building and managing of Studio, Server, Runtime Components, Console Experience in at least one J2EE frameworks. Migration from other containers to MobileFirst will be an added advantage Salary: Not Disclosed by Recruiter Industry: IT-Software / Software Services Functional Area: IT Software - Mobile Role Category:Programming & Design Role:Software Developer Keyskills SDLC J2EE Agile DB2 MySQL web services Hybrid HTML5 Android IOS mobile developer mobile Desired Candidate Profile Qualification - BE/MCA/Engineering in Computer Science or equivalent Education- UG: B.Tech/B.E. - Computers PG:MCA - Computers Doctorate:Doctorate Not Required Company Profile: eGov Tech Labs eGov Tech Labs is the most advanced technology lab in e-governance, nestled in the heart of Bangalore. Our team of engineering professionals builds the infrastructure and software that improves services for citizens, businesses and visitors in the Emirate of Ras Al Khaimah (UAE). Download PPT Photo 1   View Contact Details",IBM Mobile First Developer
17,77c9220f-b2ee-4443-8a02-708270af6548,x,Work Based Onhome Based Part Time.
18,7ed5b320-51fb-42b3-9f10-e2766f2d0680,"Job Description   Send me Jobs like this Qualifications: - == > 10th To Graduation & Any Skill: - == > Basic Computer Knowledge Job Requirement : - == > System or Laptop Type of job: - == > Full Time or Part time Languages : - == > Tamil & English. Experience : - == > Freshers & Experience payment details: - 1 form per day 5/- 10 form per day 50/- 100 form per day 500/- monthly you can earn 15000/- per month Selection Process: - == > Easy Selection Process,So What Are You Waiting For? Apply Now & Grab Best Opportunity To Make Your Carrier & To Improve Your Earing Skills. More detail contact Mr Hari 8678902528 9003010282 Salary:INR 1,50,000 - 2,25,000 P.A Industry: Media / Entertainment / Internet Functional Area: ITES , BPO , KPO , LPO , Customer Service , Operations Role Category:Other Role:Fresher Keyskills English Typing Part Time Data Entry Selection Process Desired Candidate Profile Education- UG: B.Tech/B.E. - Any Specialization PG:Any Postgraduate - Any Specialization, Post Graduation Not Required Please refer to the Job description above Company Profile: MM Media Pvt Ltd Mass Media International Find Live Info Pvt Ltd DATA SERVICES is established in the year 2012 with a vision of transforming an ordinary to extra ordinary thing. Find live info is one of our main project, it is a developing search engine site based at Chennai, India. With years of experience, we have crafted massive data collection job opportunities for public. FIND LIVE INFO a blend of experience, imagination, strategy and action to create digital experience that excite, challenge, inspire and engage users. FIND LIVE INFO provides other business opportunities which will be handled by experts of various fields. We have interesting combination of young and experienced Specialists Under the guidance of our Top Management we bloom towards success More detail contect 8678902528 Download PPT Photo 1   View Contact Details",Walkin Data Entry Operator (night Shift)
19,886badcb-9bf8-4622-b65e-7bf8680ac596,"Job Description   Send me Jobs like this Good communication skills (e.g. written, verbal, presentation); Developing mentoring and coaching skills. Good knowledge on Microsoft Office tools (Word, Excel) Basic Knowledge in E-commerce industry (transaction processing) Flexible to night shift as well 2 way Cab Facility Salary: Not Disclosed by Recruiter Industry: Recruitment / Staffing Functional Area: ITES , BPO , KPO , LPO , Customer Service , Operations Role Category:Back Office/Web/Transaction Processing Role:Associate/Senior Associate -(NonTechnical) Keyskills Transaction Processing E - Commerce Executive Desired Candidate Profile   Education- UG: Any Graduate - Any Specialization PG:Any Postgraduate Doctorate:Doctorate Not Required Company Profile: Magna Infotech Pvt Ltd Magna Infotech Pvt Ltd Download PPT Photo 1   View Contact Details",E-commerce Executive
20,8ad4cd07-874f-47d7-b0c9-d2ed70a0f2b3,"Job Description   Send me Jobs like this Senior Java Full Stack Developer - Java/ Spring 4 @ Bangalore, India Our client is an IT Company focused on Healthcare domain. They need to fill the following position asap. Position : Senior Java Full Stack Developer - Java/ Spring 4 ( Total 2 positions ). Should be able to join immediately or within 15 days max. Education : Engg/ BCA/ MCA/ Equivalent Experience : 5 Years Location : Bangalore Compensation : Competitive and commensurate with candidate caliber and experience Role - Responsibilities and Desired Profile : 1. Candidate should have these skills: Object Oriented Paradigm, Java, Spring 4 (Core, MVC, JDBC, Security), Java Web sockets, Java Cryptography Extension, Apache Commons (Codec, Collections, FileUpload, Compressor), Jersey, JSP, JSTL, NodeJS, Javascript / J-Query, Oracle, DevOps, Unit Testing 2. Should be a good team player and good on verbal and written communication Salary: Not Disclosed by Recruiter Industry: IT-Software / Software Services Functional Area: IT Software - Application Programming , Maintenance Role Category:Programming & Design Role:Software Developer Keyskills JSTL Java JDBC JSP Spring Javascript JQuery MVC Oracle Web Technologies Desired Candidate Profile Basic/UG Qualification:B Tech or equivalent Education- UG: B.Tech/B.E. - Any Specialization, BCA - Computers PG:MCA - Computers Doctorate:Doctorate Not Required Company Profile: PKS & Associates Client of PKS & Associates Download PPT Photo 1   View Contact Details",Senior Java Full Stack Developer - Java/ Spring 4
21,8fe6c350-c299-43dc-8010-50260a198871,"Job Description   Send me Jobs like this Job Description: - Design and build secure applications for the iOS platform - Provide accurate estimates for delivery schedule - Ensure the performance, quality, and responsiveness of applications - Collaborate with a team to define, design, and ship new features - Identify and correct bottlenecks and fix bugs - Help maintain code quality, organization, and automation - Ensure deployment in Apple Store Skills: - Proficient with Objective-C and Cocoa Touch (Knowledge in Swift would be a plus) - Experience with iOS frameworks such as Core Data, Core Animation, etc. - Experience with offline storage, threading, and performance tuning - Familiarity with RESTful APIs to connect iOS applications to back-end services - Knowledge of other web technologies and UI/UX standards - Understanding of Apple's design principles and interface guidelines - Knowledge of low-level C-based libraries is preferred - Experience with performance and memory tuning with tools - Familiarity with cloud message APIs and push notifications - Knack for benchmarking and optimization - Proficient understanding of code versioning - Familiarity with continuous integration - Knowledge in bulk customization & deployment tools - Knowledge in Test Driven Development, Unit Testing and Test Automation - Regularly follow WWDC Videos - Ability to Research & Implement iOS updates (as and when published by Apple) Salary: Not Disclosed by Recruiter Industry: IT-Software / Software Services Functional Area: IT Software - Application Programming , Maintenance Role Category:Programming & Design Role:Software Developer Keyskills Objective C Cocoa Touch IOS Apple Unit Testing Performance Tuning Web Technologies Automation Testing Desired Candidate Profile   Education- UG: Any Graduate - Any Specialization Company Profile: OKDA Solutions Leading client Download PPT Photo 1   View Contact Details",Sr iOS Developer - Objective C / Cocoa
22,99ffd076-4d91-47ee-b13b-13201c20b7e8,"Job Description   Send me Jobs like this Greetings!! We have an immediate opening for Oracle DBA Professionals - Bangalore Location Job Description : Skill : Oracle DBA Exp : 5+Years Mandatory Skills : 12C, RAC,Goldengate If interested send your Profile to renugat@iplannerinc.com Salary:INR 5,00,000 - 12,00,000 P.A Industry: IT-Software / Software Services Functional Area: IT Software - Application Programming , Maintenance Role Category:Admin/Maintenance/Security/Datawarehousing Role:DBA Keyskills Oracle DBA Golden gate OracleDBA Oracle12C Oracle 12C Oracle Database Administration Oracle Database Admin Oracle Database Administrator Desired Candidate Profile Please refer to the Job description above Company Profile: iPlanner, Inc. Product based Company Headquartered in Texas,H1B Visa Sponsors Download PPT Photo 1   View Contact Details",Good Opportunity for Oracle DBA - Bangalore Location
23,a0c2eafb-1886-46cc-bbdd-a4ecd1d3961b,"Job Description   Send me Jobs like this Ensures that all areas under his/her responsibility are running efficiently and in accordance with the property's policies and procedures and that customer satisfaction is maximized at all times. Salary: Not Disclosed by Recruiter Industry: Travel / Hotels / Restaurants / Airlines / Railways Functional Area: Hotels , Restaurants Role Category:Front Office/Customer Care Role:Front Office/Guest Relations Executive/Manager Keyskills Duty manager with minimum 5 years of experience in reputed hotels Desired Candidate Profile Please refer to the Job description above Education- UG: BHM - Hotel Management PG:Post Graduation Not Required Company Profile: Oakwood Premier Prestige Bangalore Oakwood Premier Prestige 5* apartment hotel located in UB city Bangalore Download PPT Photo 1   View Contact Details",Duty Manager
24,a0d82dfd-a7d7-4c41-b464-c6bf035acb0f,"Job Description   Send me Jobs like this We are looking for a skilled and passionate Full Stack (PHP) Developer. You should have 2+ years of experience working with multiple architectures and coding languages (front-end & back-end technologies). Apply now. Salary:INR 1,75,000 - 2,50,000 P.A Industry: IT-Software / Software Services Functional Area: IT Software - Application Programming , Maintenance Role Category:Programming & Design Role:Graphic/Web Designer Keyskills Web Technologies Web Application Full Stack Application Developer full stack web developer Desired Candidate Profile Please refer to the Job description above Education- UG: B.Tech/B.E. - Any Specialization, Diploma - Any Specialization PG:Post Graduation Not Required Doctorate:Doctorate Not Required Company Profile: Sinai Global Works on IT services related to Logistics Download PPT Photo 1   View Contact Details",Full Stack Web Application (php) Developer
25,a2868900-559e-44c9-8323-0e9bad640b2f,"Job Description   Send me Jobs like this * HDL (VHDL / Verilog) Code Generation and Verification * Prototyping and Implementing Designs on FPGAs * Signal Processing and Communication System Design * Computer Vision and Image Processing System Design Salary: Not Disclosed by Recruiter Industry: IT-Software / Software Services Functional Area: IT Software - Other Role Category:Programming & Design Role:Software Developer Keyskills Verilog Hdl Simulation modelling HDL Code FPGA verilog Desired Candidate Profile Please refer to the Job description above Education- UG: B.Tech/B.E. - Any Specialization PG:M.Tech - Any Specialization Doctorate:Doctorate Not Required Company Profile: Mathematical Computing Software Company The Company is a $800M company that employs over 3,000 employees worldwide. It is a leading developer of mathematical computing software, Engineers and scientists worldwide rely on its products to accelerate the pace of discovery, innovation, and dev Download PPT Photo 1   View Contact Details",Looking for an Application Engineer-fpga
26,a40031fa-dcd9-4611-81f0-2e2c7749eaec,"Job Description   Send me Jobs like this experience/strong knowledge in PHP web application development Develop and maintain new features on Web Application development & LAMP stack Handson experience in PHP, Perl, Python, MySQL, JQuery, Ajax is must. Strong in OOPS and must have worked in Salary:INR 3,00,000 - 6,50,000 P.A Industry: IT-Software / Software Services Functional Area: IT Software - Application Programming , Maintenance Role Category:Programming & Design Role:Software Developer Keyskills LAMP PHP MySQL JQuery Ajax Python OOPS Web Application Development Perl Web Technologies Web Services struts asp.net xml soap webservices shampoo Desired Candidate Profile Working experience in any of the APIs like Facebook, Twitter or Google would be added advantage Create highly efficient and dynamic PHP code Familiar with JavaScript frameworks like Angular, React, Ember and/or Backbone Troubleshoot, test and mainta Company Profile: Kinesis Management Consultant Pvt. Ltd Large It Company , Design, develop, maintain and optimize secure and scalable web applications in all phases of the development life cycle Analyze requirements and develop application designs, Download PPT Photo 1   View Contact Details",PHP Developer
27,af12ec7d-5f0d-429a-8762-f30fbb93d0b3,"Job Description   Send me Jobs like this Position Title: Senior QA Engineer Reports to: Director of Engineering Roles and Responsibilities Design, Develop, Execute and Automate test cases to ensure the quality of the product Review product requirements. Work with PM/development team to get a clear understanding of requirements. Define test strategy, plan and document it. Get it reviewed by all stakeholders. Define framework/tools to be used for test automation. Develop test cases for assigned modules and review it with team members. Review test cases developed by junior team members. Identify test cases for basic acceptance test; smoke tests and regression coverage for any code change during sprint. Executes test plans, logs defects to an agreed upon severity rating and makes recommendations to address defects to product team Work with team to automate significant percentage of test cases and integrate it with build system for continuous integration. Responsible for testing Non Functional requirements like performance, adaptability, interoperability. Prepare and submit test report. Ensure product quality through continuous testing and refinement of the code base Make sure there is continued effort to improve test coverage, process to achieve higher quality. Work closely with Product Development, Product Management and the Customer Support teams to insure product quality and customer satisfaction Minimum Qualifications: BE/B Tech in Computer Science or Equivalent Demonstrated expertise on at-least one automation framework such as Selenium Knowledge of Jira or any bug tracking tool Must possess good analytical and problem solving skills Expertise in scripting and programming languages (Python, Java, Shell) Proficient in Linux Good communication skills Experience working with geographically distributed development and quality engineering teams Salary:INR 9,00,000 - 14,00,000 P.A Industry: IT-Software / Software Services Functional Area: IT Software - Application Programming , Maintenance Role Category:Programming & Design Role:Testing Engineer Keyskills Automation QA Engineer Python Shell Linux Selenium Desired Candidate Profile Please refer to the Job description above Education- UG: B.Tech/B.E. - Any Specialization PG:M.Tech - Any Specialization Doctorate:Doctorate Not Required Company Profile: Careernet Technologies Pvt Ltd A US based Startup- Telecom domain or Mobile Domain It is a mobile technology company offering a global mobile data service. By means of its app and a GigSky SIM card, or an Apple SIM, it enables users to connect to a local data network while overseas. It also offers services for SMB and enterprise customers, and provides mobile data for airline EFB solutions. Download PPT Photo 1   View Contact Details","Senio QA with a Product Based Startup, Bangalore"
28,b9e3276c-0da1-404e-b088-a6a4e0e3d6bb,"Job Description   Send me Jobs like this Please share your Resume on : regina.mary@spire2grow.com 1. Strong background in Java/J2EE, Data Structures, Algorithms, Design Patterns and Web services like REST. 2. HTML Scripting: Angular JS OR JQuery OR Knockout or Node.js or Meteor JS 3. SOA based Software development background 4. Experience in writing unit test cases using JUnit, TestNG etc. 5. Knowledge on Open Source tools used in development process (like Git) 6. Experience with relational databases (MySQL is a plus). 7. Experience in webservers like Tomcat. 8. Ability to do software development following Agile methodology Salary: Not Disclosed by Recruiter Industry: IT-Software / Software Services Functional Area: IT Software - Application Programming , Maintenance Role Category:Programming & Design Role:Team Lead/Technical Lead Keyskills Javascript HTML JQuery Java Tomcat MySQL Rest JUnit Web Services GIT Desired Candidate Profile Education Qualification- BE/B.Tech or ME/M.Tech, MCA from Premier Institute.Experience - 6-8 yearsJob Location: BangaloreINterview Location :Bangalore Industry:Product BasedFunctional Area: IT Software - Application Programming, MaintenanceRole Category: Programming & DesignRole: Tech Lead***Note : Pay scale is open  Education- UG: B.Tech/B.E. - Any Specialization PG:Any Postgraduate - Any Specialization, MCA - Computers, M.Tech - Any Specialization Doctorate:Any Doctorate - Any Specialization Company Profile: Spire Technologies and Solutions Pvt. Ltd. Spire is a contextual search and intelligence company, founded in 2006. Spire is unleashing a wave of business transformation world over with its contextual technology. We are looking for intelligent, energetic and motivated professionals who could make a difference, and become part of our journey towards setting next-generation landmarks. Spire enables businesses take bigger leaps in decision making from Big Data analytics by charting the unexplored territories. Towards this, Spire's platform contributes exponentially. We build highly scalable, multi-tenant, distributed, service-oriented, cloud-hosted SaaS and PaaS products. Spire uses latest open-source technologies including those related to Big Data which are industry standard and widely adopted. At Spire, we are passionate about developing positively disruptive technologies that have proven to be transformational for business outcomes. Spire Technologies is adjudged as the best IT employer and a dream company to work by Times Ascent. Work culture The Spire team is a diverse group of sharp, highly driven, entrepreneurial professionals. We thrive on experimentation and innovation in an informal setup; and offer a non-routine environment with excellent benefits package. We are passionate about enabling operational excellence for world's biggest and best organizations. At Spire, you are in the team of game changers where you will have the opportunity to push the limits and become part of the company's success story. Career growth awaits you! Come join Spire! Download PPT Photo 1   View Contact Details",JAVA Technical Lead (6-8 yrs) -
29,c2fc2dca-5ef0-4a65-81a8-d0df6d83a30d,"Job Description   Send me Jobs like this Job Purpose: - To develop / maintain a module as per the design - Detailed design or Impact Analysis of a module Principal Accountabilities: The person in this job is responsible for the following: Balanced Scorecard Perspective Primary Duties or Major Activities Delivery / Process 1. Understand the customer expectations and perform Detailed design 2. Understanding requirements of the modules/ components assigned in-line with the overall project scope. 3. Assisting Analyst & Designer in Module Analysis & Design. 4. Implementing/ developing the code as per design. 5. Adherence to coding standards and guidelines 6. Ensure on-time quality delivery of allocated tasks 7. Compliance to SLK policies and procedures like Timesheet/ Leaves management etc. 8. Assisting Analyst & Designer in preparation of Integration Test Plan 9. Providing support during integration testing, system testing 10. Resolving any defects reported by peer reviews, independent verification and validation and testing. 11. Peer review Finance 1. Quality of code as defined by the SLK Process and thus reduce re-work 2. Contribute to re-usable of code / components Customer 1. Participate in Customer Calls 2. Provide Status reports as per defined timelines People 1. Team Collaboration 2. Learning initiatives as per the plan 3. Guiding junior Developers and Developers in their role Parameters KRAs Customer 1. Attend Customer Calls 2. Provide Status Report Process 1. Quality of Detailed design and Code 2. Schedule adherence 3. Adherence to delivery Processes and associated tools 4. Adherence to organizational policies & processes like time sheets filling, attendance & leave, appraisal etc. Finance 1. Code Quality as defined by the SLK Process 2. Contribution to re-usable of code / components People 1. Understand Project Domain 2. Upgrade Personal skills and competency 3. Building Team Relationships 4. Attend & effectively utilize L&D Trainings. Salary: Not Disclosed by Recruiter Industry: IT-Software / Software Services Functional Area: IT Software - Application Programming , Maintenance Role Category:Programming & Design Role:Software Developer Keyskills coordination development tools team building design coding visio proactive code process Desired Candidate Profile Educational qualifications and Experience Engineering Graduate / BSc in Computer Science / Information Science or Equivalent with 3 to 5 Yrs of IT experience in Development. Knowledge and skills Functional skills: - SDLC understanding - Engineering Concepts (Design and Programming) - Design concepts and associated tools - Programming languages and associated tools - Development process and associated tools - MS Office (word, Excel, Power point, visio, etc)skills Behavioural skills: Parameter Description Commitment & Integrity Committed/ dedicated to the job assigned Keeps personal interest and agenda out of business processes. Team work Makes realistic commitment, executes and delivers them through joint ownership of the group. Flexible to varying view points and personalities. Value addition by identifying issues and providing suggestions. Team building, Intergroup coordination and Conflict management. Learning & Development Works towards process betterment/ simplification, accepts mistakes and takes proactive measures to correct them. Ability to learn independently, research and find solutions to problems/ issues. Keeps abreast of new developments through efficient use of organization resources. Communication Hone oral & written English to communicate & present effectively to the point. Assertiveness. Results Orientation Continuously assess goals, improvises with least assistance and deliver consistent & excellent results. Taking Initiatives. Education- UG: B.Tech/B.E. - Computers PG:Post Graduation Not Required Company Profile: SLK Software Services Pvt. Ltd. The name 'SLK' in SLK Group is inspired by Mr. Shantanurao Laxmanrao Kirloskar. SLK was established in the year 2000, SLK Group consist of, SLK - Software, SLK - BPO. The overall People strength is around 5000+. Our People Practices fosters dynamic and collaborative work environment with a perfect mix of Team work, Support, rich culture and discipline. Our clientele includes some of the finest fortune 500 Corporations in USA and European Countries. We are specialized in providing a range of IT solutions and services by leveraging cutting edge technologies and industry best practices that deliver significant savings to our Fortune 500 customers. Our Quality Systems & processes are benchmarked against international standards and our Information Security and Management Systems are certified under ISO 27001:2005. Nurturing long-term partnerships has been the way of life at SLK and the company firmly believes that in the 'Power of Partnership' lies the ability to identify more opportunities, increase individual strengths, and intensify commitments. To know more about the company, please visit our company website www.slk-group.com Download PPT Photo 1   View Contact Details",Senior Developer-bi
30,c4d987f6-cad1-41f4-9821-bd15f594e1f0,"Job Description   Send me Jobs like this Job Description : Interested in Real mechanical Design.. If So this is the opportunity !! Our company is small, dedicated off shore design office for a Australian  company, involved in designing material handling equipment's and structures for Mining, Grain and mineral processing industry for I We are looking for Engineers, who should have at least 3 Years of Experience in Autodesk Inventor. Must be proficient in Part modeling, sheet metal modeling, large assembly & detail drawings. Candidates should be able to communicate in English (both verbal and in writing) A formal training will be provided on joining regarding Industry standards and requirements.. Salary is negotiable depending on candidate experience .. Salary:INR 1,50,000 - 3,75,000 P.A Industry: Industrial Products / Heavy Machinery Functional Area: Engineering Design , R&D Role Category:Engineering Design Role:Design Engineer Keyskills Design Engineering Mechanical Design Material Handling Autodesk Inventor Desired Candidate Profile Please refer to the Job description above Education- UG: B.Tech/B.E. - Mechanical, Mineral, Mining, Diploma - Any Specialization Company Profile: R3 Plant Design R3 Plant Design, bommasandra industrial area Bangalore Download PPT Photo 1   View Contact Details",Design Engineer
31,c59559ce-9451-4d8b-9428-d2c75dac9564,"Job Description   Send me Jobs like this 1. Ensuring uninterrupted supply of raw materials and other inputs for maintaining continuity in production. 2.Creation of purchase orders in SAP. Procurement for Imported/ Indigenous Raw Materials, Biologics material, Solvents & Packing Materials, Lab Chemicals as per purchase requisition and production plan shared by various user departments.  3. Ensuring compliance to the corporate and procurement policies of the organization. Understanding guidelines and policies laid down by regulatory, taxation and commercial departments. Most importantly, Understanding of environmental laws and country specific regulations on procurement and transportation of Raw Materials, Chemicals and Hazardous Substances. 4. Managing vendor negotiations, creation of rate contracts, achieving price targets and maintaining standard pricing structure for Raw Material, Biology related material, Intermediates and other categories. 5.Timely delivery of materials as per agreed timelines / SLAs (Service Level Agreements). Achieving SLA rating of >98% for Raw Materials and Packing Materials. 6.New Vendor Development for cost reduction and de-risking of single source items. Sourcing of New Products/ Intermediates / APIs for Research & Development from domestic and overseas markets. 7.Coordinating with Production, Finance, QA (Quality Assurance),QC (Quality Control) and other functions to determine necessity of various procurement activities like vendor development, vendor evaluation, vendor audit etc. 8. Managing vendor relationship at global level. Active coordination with the vendors for cost effective supply of quality material within specific time period. 9.Coordinate with C&F (Clearing and Forwarding) Agents for on time clearance and transportation of material. 10. Gathering market intelligence on Raw Material and Packing Materials, Vendor evaluation, market analysis and bench marking data for pricing decisions. 11. Submission of monthly reports reflecting procurement health (SLA summary, vendor development, sourcing projects, spend analysis, top vendors, contract buying, savings against standard price etc) Salary:INR 4,00,000 - 8,00,000 P.A Industry: Pharma / Biotech / Clinical Research Functional Area: Supply Chain , Logistics , Purchase , Materials Role Category:Purchase/Material Management Role:Purchase/Vendor Development Manager Keyskills QA Quality Control Quality Assurance Procurement Purchase Requisition QC Vendor Audit Sourcing Production Planning Raw Material Enzymes Desired Candidate Profile 1. Candidate should have a work experience in API / Formulations / Injectable / Biologics Industry.2. Preferably 2-5 years of experience in Enzyme sourcing for Biopharma Industry.  2. Ability of Understand the Regulatory Environment for Generics Business3. Good organizational skills, planning and the ability to multitask is a plus and experience in working with diverse cultures in a dynamic, fast-paced environment. Education- UG: B.Tech/B.E. - Bio-Chemistry/Bio-Technology, Biomedical, Chemical, B.Pharma - Pharmacy PG:MS/M.Sc(Science) - Bio-Chemistry, Biology, Chemistry, Microbiology, MBA/PGDM - Any Specialization Doctorate:Doctorate Not Required Company Profile: Biocon Limited Biocon is an integrated biotechnology enterprise focused on the development of biopharmaceuticals. With successful initiatives in drug discovery and development, bioprocessing, manufacturing and global marketing, Biocon delivers products and solutions to partners and customers in over 75 countries. Biocon has the defining science, world class capabilities and a focused vision to deliver the promise of innovative and affordable medicine to a waiting world. Today, Biocon together with group companies employs more than 5000 employees with approxmimately Rs 2500 crore turnover and is expected to grow further during the current financial year . Download PPT Photo 1   View Contact Details",Assistant/ Deputy Manager Purchase
32,ce3147ae-7c8a-4420-8b93-9e8f33fd400c,"Job Description   Send me Jobs like this Greetings From Inspiration Manpower! Mega job fair from 15th Oct to 22nd for top 22 Mnc's Hurry! Greetings from Inspiration Walk in to Inspiration to Avail this Opportunities WE HAVE AN EXCELLENT OPENING IN A BPO FOR VOICE PROCESS With Companies like, American Express: Customer Support Role, credit cards, Collections. JP Morgan: Financial Services Hsbc: Customer support, Account Opening Officer, Case manager, IBM India: IT Help desk, technical Support, Service desk, networking. Mphasis: Banking Process, Td /Indigo Banking. Accenture: Backend Hr, Telecom, finance & Accounts Omega Health Care: AR Caller, Medical billing. Quikr: Customer support, Sales, up selling. Microland: Enterprises Support, Active directory, troubleshooting, Technical Support. Altisource: Mortgage, Insurance, Collections. Ocwen: Mortgage, Us collections. Capgemini: Collections, Customer Support. Amazon: Seller Support, Customer support. Aditya Birla: Customer Support & Technical Support. Infinite: Customer Support & Technical Support. HP: Customer Support & Up selling. HPE: Technical support M Modal: Technical Support, Service Desk Analyst Jp Morgan: Investment Banking 24X7: Up selling, Customer Support, Collections. To Apply Call Poornima 7259027275 / 7760984460 / 9900073503 / 7259027295 Salary:INR 2,00,000 - 5,50,000 P.A. Incentives & Joining bonus Industry: BPO / Call Centre / ITES Functional Area: ITES , BPO , KPO , LPO , Customer Service , Operations Role Category:Voice Role:Associate/Senior Associate -(NonTechnical) Keyskills Csr Tsr Fresher Associate Sales Bpo Call centre Tse Voice process Customer Support Executive Finance Accounts Banking Mortgage Collections Tele sales Tele caller Investment Banking Technical Support Techincal Troubleshooting Desired Candidate Profile We are Hiring Candidates with Excellent Communication Should be flexible working in shifts fresher / Experience can Apply Relevant experience would be an added advantage Max salary Up to 7.5 lacks  Company Profile: Inspiration Manpower Consultancy Pvt. Ltd. Inspiration Manpower Consultancy, one of the fast growing end-to-end Recruitment & Staffing Solutions Consultants in India, was established in the year 2008; Inspiration Manpower provides a comprehensive, end-to-end recruitment solution that covers every need of the customer, throughout the recruitment cycle. Download PPT Photo 1   View Contact Details",Banking / Mortgage / Finance / Sales / Bpo / Call Centre / Associate /
33,d8183ded-8b9e-42d9-9ad2-1d37a662f169,"Job Description   Send me Jobs like this Greetings from Convate...!!!! We are glad to inform your regarding an opening for Android developers for Retail/E-commerce domain client. Role: Android Developer Location: Bangalore, India Experience: 4-8 years Role Responsibilities : Experience in Android Application development. Experience in Native Android,Android Studio. Knowledge in Xamarin Android Application development. Experience with Core Java Deep understanding of technology with good hands-on experience on App development. Debugging highly complex modules developed by other team members. Experience in Retail, E-Commerce and Security domains. If your profile is suitable for below description pls share the updated CV with details. If interested please send the resume to ct5@convate.com, ct14@convate.com, ct8@convate.com Thanks & regards, Naga Krishna jyothi Assistant Recruitment Specialist CONVATE # 41, Old Airport Road, Murgeshpalya, Bangalore 560017 (Above Spencers, Opp. Total Mall) P: +91-80-40609691 Skype Id : convate.ct5 Mail: ct5@convate.com Web: http://www.convate.com Join us on: www.facebook.com/convate Continuous Innovation in Human Resources Salary: Not Disclosed by Recruiter Industry: IT-Software / Software Services Functional Area: IT Software - Application Programming , Maintenance Role Category:Programming & Design Role:Software Developer Keyskills Android Android NDK Core Java Xamarin Desired Candidate Profile Please refer to the Job description above Education- UG: Any Graduate - Any Specialization Company Profile: Convate Retail/e-commerce domain Convate is a leading Human Resource Consulting Organization. provide Staffing solutions and Consulting services in diverse Industry segments across Management functions. We Provide services for Fortune 500 and CMM level Companies. Been in the Permanent and contract staffing for the past 11 years. Our Clients are our partners: we act together to solve their immediate and long-term business goals. We listen to their unique situation and then we work to find a solution. (www.convate.com) Download PPT Photo 1   View Contact Details",Opening for Android Developer-bangalore-4-8 yrs
34,d89ab936-a0ad-4c88-9f79-3a44548a5c8d,"Job Description   Send me Jobs like this Position Objective: The role is responsible for understanding client requirements and knowledge of voice and/ or non voice quality audits and related reporting. Responsibilities Knowledge of client's quality expectations Knowledge of clients quality scoring system Competent in all minimum skills required by Customer Service Associates Knowledge of quality related reporting Ability to use monitoring tools Salary: Not Disclosed by Recruiter Industry: IT-Software / Software Services Functional Area: ITES , BPO , KPO , LPO , Customer Service , Operations Role Category:Quality Role:Quality Assurance/Quality Control Executive Keyskills customer service call quality quality audits monitoring tools non voice system requirements skills responsible Desired Candidate Profile   Education- UG: Any Graduate - Any Specialization PG:Any Postgraduate Company Profile: Accenture Accenture is a leading global professional services company, providing a broad range of services and solutions in strategy, consulting, digital, technology and operations. Combining unmatched experience and specialized skills across more than 40 industries and all business functionsunderpinned by the worlds largest delivery networkAccenture works at the intersection of business and technology to help clients improve their performance and create sustainable value for their stakeholders. With approximately 373,000 people serving clients in more than 120 countries, Accenture drives innovation to improve the way the world works and lives. Visit us at www.accenture.com Download PPT Photo 1   View Contact Details",Call Quality
35,e204b6f0-4660-4673-92db-882c50f496a6,Job Description   Send me Jobs like this Bluetooth Host Software Development - Automotive Infotainment Products Notice Period : Max 30 days - 2-10 years of relevant industry work experience - Excellent C programming skills - Understanding of Bluetooth specifications and extensive Bluetooth Profiles development experience. - Familiarity with Python and Perl scripting. - Experience on Automotive infotainment products based on Android or QnX Experience. Salary: Not Disclosed by Recruiter Industry: IT-Software / Software Services Functional Area: IT Software - Mobile Role Category:Programming & Design Role:Software Developer Keyskills C Perl Python Android Bluetooth QNX Software Development Bluetooth Host Bluetooth Profiles development Desired Candidate Profile   Education- UG: Any Graduate - Any Specialization Doctorate:Doctorate Not Required Company Profile: Strivex Consulting Pvt Ltd leading client of Strivex Consulting Pvt Ltd Download PPT Photo 1   View Contact Details,Bluetooth Host Software Development Engineer - Automotive Infotainment
36,eb7206b0-cd27-4411-a983-0e7bbfaf547b,"Job Description   Send me Jobs like this Independent handling of entire production line with 30 employees. Handling of tools and equipment using in line. Give proper training to trainee employees. Keep documents of materials , finished goods and daily output Maintain target output with quality product. Salary:INR 1,00,000 - 2,00,000 P.A Industry: Industrial Products / Heavy Machinery Functional Area: Production , Manufacturing , Maintenance Role Category:Production/Manufacturing/Maintenance Role:Product Development Executive Keyskills Product Quality Production Team Leading team handling teamleadar Desired Candidate Profile Please refer to the Job description above Education- UG: Diploma - Any Specialization, Electronics/Telecommunication Company Profile: HANSUM INDIA ELECTRONICS PVT.LTD. Please have a look our website for more information. www.hansum.in Download PPT Photo 1   View Contact Details",Team Leader
37,ed60e6de-7981-4ff3-b8b1-26d88ea2268d,"Job Description   Send me Jobs like this Exp : 3 to 6 yrs Location : Bangalore Equity strategy Purpose of the Job : - To support and actively partner with the Global equity strategy team on work related to identifying short term and long term drivers of equity markets. Role and Environment of the Job : - Responsible for building / maintaining and taking ownership of databases and analysis as needed by business from time to time. - Analysis of equity markets, using the top down as well as bottom-up approach. - Role will also involve region/country/industry analysis, including macro economic drivers - Producing reports/presentations for internal use and contributing to externally published research reports. We are looking people from Premium institutes or CFA candidates. Salary: Not Disclosed by Recruiter Industry: Banking / Financial Services / Broking Functional Area: Financial Services , Banking , Investments , Insurance Role Category:Investment Banking Role:Equity Analyst Keyskills FMS Industry Analysis Equity Strategy Research Equity Analyst Desired Candidate Profile   Education- UG: Any Graduate - Any Specialization PG:CA Doctorate:Doctorate Not Required Company Profile: Aarch Solutions Client of Aarch Solutions Download PPT Photo 1   View Contact Details",Senior Equity Strategy - Asian Market - Cfa/iim/mdi/isb/fms
38,fe7e3352-f00f-48b7-89a5-e4c464c9ba34,"Job Description   Send me Jobs like this We are currently hiring candidates willing to work on JD Edwards Worldsoft Developer Job Details: * Expertise in RPG programming. * Good Knowledge in ERP domain. * Knowledge in OMS/WMS will be an added advantage. * Excellent communication and interpersonal skills. Interested candidates WALK IN on 14th Oct between 10.00 am to 5.00 pm. Venue Details: Revtech Solutions India Private Limited, Prestige Al Kareem Building, 1st Floor, Edward Road, Queens Road, Bangalore - 52 Landmark : Next stop of Shivajinagar , Indian Express Signal , enter Queens Road Opposite to iROBOT ( Queen's corner Restaurant Road ) Note: Queens road is one-way If you are coming in your own vehicle enter Cunningham road Take second right next to KFC enter that road and again take second Right you will enter queens road, Come towards signal on your right side you will find gold star hotel come little further and take right just opposite to iRobot , Edward road. ( entrance Queen's corner Restaurant ) Please carry your updated profile. Kindly confirm before coming for interview by mailing me on asfiyas@pfsweb.com or you can reach me at 080 40451515/080 67430025 Please Note : Kindly be dressed in Business Casuals. Salary: Not Disclosed by Recruiter Industry: IT-Software / Software Services Functional Area: IT Software - Application Programming , Maintenance Role Category:Programming & Design Role:Software Developer Keyskills AS400 RPG JD Edwards jdedwards technical consultant rpg400 iseries os400 Desired Candidate Profile Please refer to the Job description above Education- UG: B.Tech/B.E. - Any Specialization PG:MCA - Computers, M.Tech - Any Specialization, Computers, MS/M.Sc(Science) - Any Specialization Company Profile: PFS Web Global Services Pvt Ltd A leading Global Commerce Service Provider, PFSweb enables brands and specialty retailers to achieve their commerce goals. We combine integrated technologies, professional services, and a worldwide network of systems and logistics infrastructure to deliver customized solutions for leading retailers and brands. We create Commerce Without Compromise by merging these solutions together to create a branded online shopping experience across all channels. Specialties Strategic Commerce Consulting, Agency Services, Technology Services, Omni-Channel Operations, Technology Ecosystem, Global Expansion Download PPT Photo 1   View Contact Details",WALK IN - As400 Developer - Pfsweb Global Services (bangalore)
